"userId","userUid","firstName","lastName"
"1","74402501-b356-4b86-8e6d-633626f52697","Sondra","Linneman"
"2","be494aa7-c535-4799-a885-0246c7f797d3","Lorinda","Smithies"
"3","d10fbc4f-dffe-437f-9bec-6f4864a8c2ed","Brynne","Hardaker"
"4","f31d6f57-cb6f-4af6-b9e2-3e5d773259bb","Krystalle","Dorber"
"5","04739b99-546d-4f26-a498-2c24a0086f8c","Bradly","Starr"
"6","0ddb68d3-4c88-4c78-8123-80ba7b7be8f9","Callie","Mohammad"
"7","fbb23e52-2d3d-4d88-b172-20d99063366d","Milo","Emmanuele"
"8","d5c5b7f2-93e0-42bc-a917-ad7161c9c6dc","Garnet","Golsthorp"
"9","f729b8be-a7e8-4c8e-be09-1ed0594b278f","Leroi","Sturges"
"10","afc377c2-3b13-49a2-9a32-a3143c5c587b","Marline","Boodell"
"11","24d99f5b-50d1-4f97-8eae-6ad7e873eac8","Christabel","Aspinell"
"12","d41fb661-bf7e-4639-a3fb-c55c2a41f0c9","Barret","Brason"
"13","96a485d4-5c93-44e1-8402-0ca44bc94053","Manuel","Hallowell"
"14","7749c574-a3e3-4081-ab29-6d1251036d66","Teddi","Linnane"
"15","d63ac37f-aa30-4040-b7a8-e9e0b1ff42a4","Judon","Bredee"
"16","6ca7d877-c24f-4eb8-bdf6-cee43a538624","Wilburt","Stockau"
"17","c16b599d-b985-4428-b387-2952a5a3b83a","Albie","Bernardon"
"18","e21bb3e5-8309-4671-9967-3c1069d97ad8","Channa","Ashfold"
"19","da2e868a-e3f0-4f9b-a892-09798d3abddc","Ravid","Brissard"
"20","dc0a7f79-527c-45b8-83fe-469ff8a9b2a6","Sheena","Balsdon"
"21","573e6fe1-bea4-40e2-97b2-9bd92c0fef16","Mendy","Valentelli"
"22","a4059dae-8146-4bb5-9caf-5ecf964f7ed4","Hanson","McCrorie"
"23","bddd2f18-826e-4836-ae9a-22247496718a","Jordanna","Aggs"
"24","a2fd1ca0-2c5a-47ab-b3c0-df942ffd0d84","Decca","Deinhardt"
"25","d49d8973-78fb-4245-bbe4-04d8e33514a0","Dominga","Ebbutt"
"26","552514be-726c-4c5b-8c22-3a21329431d7","Garvey","Rowlstone"
"27","d4b10516-c28b-4314-82d0-89da6146d98a","Karol","Fahey"
"28","02d398fa-fc69-4648-aed3-138e53139a70","Margeaux","Buckner"
"29","f98e8e04-b38c-4491-821a-f256eca08692","Gerrie","Querree"
"30","6e710174-9699-466a-a245-ef397bb30334","Zorine","Jeandillou"
"31","35449c05-8207-44b5-8455-b6497e78f420","Pietro","Becerra"
"32","8a7ecc87-9840-42e4-8146-7b8330e96824","Shirlene","Hartnell"
"33","a96f8007-770b-4561-ae51-30a69319ddb1","Gay","Pedrazzi"
"34","98c29522-570a-4c7f-8070-d7eb794e4246","Ray","Hedgeley"
"35","d2237003-4b8a-4bf8-af62-0ecd830dd25c","Adrianna","Hourigan"
"36","8b7e98c2-7188-408d-b523-3905de7585a9","Ignaz","Aulds"
"37","b262c153-e3bb-4e69-9701-3d0b0384f605","Erika","Van den Velden"
"38","91e5d38f-0523-401f-ba70-fca791df3f93","Jehu","Fallow"
"39","b59b454c-bce8-456c-9e7a-3d5819215b1f","Mamie","Oakley"
"40","c218bd7f-bc5a-423d-9e75-b9393696100f","Hiram","Fice"
"41","68a718de-db99-4715-96bc-949b8b641009","Nickolaus","Phillips"
"42","50712c33-b739-4c69-b09f-be265be88c24","Cyrill","Gayle"
"43","58737c06-34b2-4a80-8553-52119caa207f","Barry","Letson"
"44","9bc54744-de59-46cf-82b1-8cd6bc511751","Forest","Lidell"
"45","a86530a3-4824-4b84-9064-ce3fe4e8ce21","Celinka","Swannick"
"46","e163a6c7-5ccd-469b-bb8b-5c9093b7c13f","Edik","Bream"
"47","cecdb774-67af-4ef3-9cf7-355b23f19207","Myrtice","Tremelling"
"48","f8e69b14-24ef-4ed0-935a-17852b3f4dc1","Pooh","Karczinski"
"49","a5286340-6eab-4c25-83c5-c7e2b53469ee","Madelena","Rycroft"
"50","08537a6f-a120-4f8e-a4a8-31ee1714001b","Leonie","Kuhnhardt"
"51","365cedbb-c1d9-4a02-83b9-4b6d3dba3861","Garret","Chennells"
"52","8c66138a-a578-4ad8-a787-3fc05561e1a5","Nedda","Blakes"
"53","7517ea39-50cd-4671-9a34-70bf10bcafde","Dolf","Simionescu"
"54","1aa94226-e106-4aad-af49-7f6ccaba6ffe","Engracia","Scarre"
"55","5003dafd-3a34-4911-8152-c24241487a1d","Nicolea","Heazel"
"56","ccb0c7eb-4764-4b38-99f2-0d468804033a","Elita","Hardwick"
"57","fb33c989-19c3-4439-a33b-85fd44b8c36b","Rae","Grinaway"
"58","3f933d0f-6220-47bf-abd5-7b2181170e84","Leigh","Colliar"
"59","eeded9a8-5abd-4bae-a647-0bcb613c91dd","Suzanna","Wake"
"60","664664cb-6d30-4f4f-8515-beb8f6d62737","Eliot","Coenraets"
"61","0de87551-efdf-4867-bafc-3b2dfdd3618c","Chad","Van Saltsberg"
"62","642f1d37-5819-433f-8856-770fb9ebabe8","Bruis","Halpen"
"63","6c8f3c5b-5e31-4630-96d7-ca82de3fe44f","Wayland","Ellwood"
"64","89d9fece-6b81-48f4-b188-7dea84a3861b","Glen","McRavey"
"65","1331e125-247c-4daf-bf05-35bb05657c6c","Olly","Bramsen"
"66","bc985f41-df9f-4768-a179-ff18491e7f02","Skipper","Schofield"
"67","8289a033-ef34-41f1-901f-e7ab2ed7c479","Russell","Pitone"
"68","e12dbd90-2ed0-4642-a5a6-b77e71c9a082","Luelle","Robun"
"69","51b6246d-6ba2-4e60-934b-3c8e26c45bcf","Kiley","Milroy"
"70","493a3b8f-4f9f-4948-89fa-01c4afe74443","Verne","Pearson"
"71","769e3f9d-4210-4911-ad25-bca6b71d1246","Aili","Ellis"
"72","4567e28f-2518-45ac-aece-56e3c1affbbd","Vanna","Lilleyman"
"73","28f64066-6140-4356-888a-c6c5fe77a7a8","Morry","Gilbey"
"74","9fdc93a9-c44e-4015-a7fa-e960b708d589","Leanor","Moine"
"75","43ddb00d-9885-490a-ad5e-30d30441bbc5","Eldon","Edgerly"
"76","c4128f21-7dbb-4113-958c-24e325e66dac","Felice","Assiter"
"77","86f4c98d-8cf4-4969-b7f7-d473d14cda5e","Carolan","Prinnett"
"78","bb282eff-f3a8-4f2e-bd49-5b18e2b0a754","Lonnie","Ceccoli"
"79","703aaabe-bd88-4ffd-be3d-70db00f97386","Ahmad","Boultwood"
"80","ee0c1828-a445-49fd-9161-b249dc331b72","Mabel","Blake"
"81","a8d74b92-f1da-4eee-9c29-634ea34125fe","Shelli","Cramp"
"82","1a9d9244-8645-4cb4-9507-d654669b877a","Emmeline","Spoerl"
"83","6dbc75da-9119-4e25-a715-3f7d3c44da8f","Rorie","Saphir"
"84","d8b051f9-88f4-4472-8241-39b3a0612d4a","Swen","Eeles"
"85","38ac5126-3d90-4dfe-974f-06beb87739e8","Harper","Revell"
"86","ff599859-1de8-4e49-b5d3-443a8af71cd1","Mae","Ladyman"
"87","c7d75957-3227-4ece-a23c-4b32a5fdf901","Idalia","Burghall"
"88","eae222fc-a484-4c8c-985b-b10cded953e7","Andrey","Merfin"
"89","5658c6ba-9cd3-4418-a883-b14a40b565a7","Raf","Baert"
"90","0c9e198f-eb8e-4052-8c4e-0e8578121a3c","Ossie","Cyples"
"91","d3f48f00-d885-4df8-838f-c39e193223d1","Saunders","Bevis"
"92","9dad838b-d2fe-4a65-b157-b29331faf345","Siward","McCaughren"
"93","a6c788e9-9f10-4991-911e-8a60ca210bd0","Lanna","Arnason"
"94","3f581b34-cc05-4d65-92c7-5a22077da1fd","Arnold","Blowers"
"95","3bece9b5-3384-4682-8363-2a16b8891b2b","Aymer","Crummey"
"96","2e588439-6b7f-4514-b5ad-3f656f024022","Orton","Ingledow"
"97","0a3bb882-35ae-4490-96dc-0a95df397f37","Brigitte","Fittes"
"98","aef7cf5e-ac31-4371-9989-8199bdf71b34","Milka","Tomaino"
"99","0e426bf8-77bc-4b4d-a9ee-da01773c0437","Hadleigh","McMichell"
"100","54b8aeb0-3931-44b3-b88b-ddcfc307ec94","Guenevere","Mote"
"101","1e80d3c8-d778-42e9-a61d-df6b0a2789e9","Jayne","Kosiada"
"102","e9bd570a-87f0-4c5c-b4f1-53eb95bb224f","Katee","Mathivet"
"103","47b3538b-fe3e-468f-b041-7d0c2d5c831c","Lorilyn","Bendtsen"
"104","dfa0dc28-a950-4af9-89c5-383f958aed32","Jodie","Bontine"
"105","c642720e-f8ef-4d6f-8072-e6f097c6fd3b","Benito","McKee"
"106","343f66c2-1a8b-4698-a96b-ce556615e8b5","Dale","Firth"
"107","805319e5-3705-4794-b932-60d3c4ba3624","Ardeen","Raveau"
"108","762af6dc-c2cf-419f-bd42-ea57e17f8cee","Casey","Spondley"
"109","61ca53f3-d635-41e2-bb68-26e333007d15","Gwenore","Aymer"
"110","f31fb2e3-d6f6-4899-baf7-4b7908853d07","Sterne","Gotter"
"111","3450bf1e-1531-48ce-8ea1-65d82774143a","Marji","Gwatkin"
"112","2a869838-fbb3-4f5c-ba55-4cdadacf5abc","Hillel","Tantum"
"113","bb7b365e-cca7-4002-af7f-4c02f4a7ba02","Cherlyn","Durrant"
"114","5ceef2bf-1bd4-446c-b828-a1b336a5d060","Rochella","Paulisch"
"115","5b34b48b-6ccf-4f13-b75e-899b04c34179","Ilene","Rivalland"
"116","92d62e18-b650-422a-8b11-0ad96c3f3df6","Starla","Gheorghe"
"117","9b20b80e-541a-43a0-a1df-27e0107bc2c8","Billie","Bestar"
"118","89f30159-418b-49a0-8f9b-d45892b4e8ae","Uriel","Andrault"
"119","6abf7569-9d52-4328-8ba8-9dfcb6dba37f","Vicky","Faust"
"120","a5653baa-8f3a-4333-a07c-896bce50152b","Cinderella","Feechan"
"121","1bfca6e8-1c79-482b-945f-fb8375b6acc9","Mervin","Sellan"
"122","ad66693f-92f7-4ddc-84fb-58bf41b86fe3","Lyell","Juarez"
"123","8673ed73-a5dc-46df-ba18-632fc6c0bf95","Idalina","Tomaszewski"
"124","f39d8d7d-efb7-4f5b-b161-0f794ac7641a","Patrice","Bogie"
"125","76d72009-d4ca-4bae-9615-717842b12aa5","Biron","Keith"
"126","95605e0c-3d2f-45c8-bb3e-b61fbd02e407","Hubey","Roderigo"
"127","5319ad26-5a0a-4670-b878-53a12bd44e08","Hesther","Gouldeby"
"128","9d3a4f7d-8b64-4519-a734-040033547f02","Lazaro","Grunwall"
"129","4619df4d-1689-40e3-a9c6-dda923b464e5","Danyelle","Schneidau"
"130","452679fc-5d5a-466f-b1d5-477124390e11","Ruggiero","Rosenbarg"
"131","bd0f31b7-4c58-4bff-b575-c8eb3357a731","Chic","Kroch"
"132","3c3e5773-efb8-422b-b507-eb240b35cc37","Michel","Hourihan"
"133","de718404-617f-4674-97db-75bed704bb60","Englebert","Carville"
"134","c1bf26cf-deeb-468b-bd2a-e066f5c59d46","Morley","Junkison"
"135","c721470c-de62-477e-b9b8-adf7626d2e19","Bengt","Bunner"
"136","8c370721-1f56-4ade-a5a4-388d4af058e1","Michal","Berisford"
"137","2eb6f53f-24aa-475d-bf4d-aba4580f961a","William","Severns"
"138","b8e5de58-c506-4b73-a443-854dfba4e740","Elke","Fitkin"
"139","490666b3-0920-44e4-9ccc-3697ba001d96","Algernon","Lomen"
"140","d4a96b76-f1de-43ae-9450-04eff7a8a9dd","Franchot","Sneddon"
"141","a3bb6e4c-ea26-4ad6-91c7-d06bb4372093","Vernor","Sheeran"
"142","598a63ab-f7fd-42ae-9530-de125d518ec7","Vachel","Sealey"
"143","a649f6b7-eb42-46b8-8e79-dc3e8f448c70","Devinne","Habbert"
"144","119e2397-6b59-4d62-8dc2-5145431d81e3","Johnna","Folliss"
"145","9be7955d-d228-40f1-b7a3-76707b1bd85e","Joshuah","Georgelin"
"146","0db2a704-f615-48f7-9063-fccc3d1fdc6a","Abie","Hagergham"
"147","ef362af8-f716-48bb-8393-ba33294b5e9c","Buckie","MacLure"
"148","bce93dce-e4a0-49a4-9f66-5d2e6944d433","Van","Martina"
"149","037a66d6-755d-4e4e-b09a-2da1868b9f47","Meredith","Golton"
"150","a222b347-0022-4c07-935d-6befff831e79","Emmalynne","McPeck"
"151","7616b154-7d34-45d2-a1eb-1ce971b22a6a","Arvy","Punter"
"152","1f5be4c7-49d0-47ff-b9a7-f57da7b5473c","Joyous","Druhan"
"153","09581c1a-b7d2-4ce8-9ba3-c864ac2e7ffb","Orlando","Chittey"
"154","65c01d88-805f-43bc-9347-1bb6d1921ea7","Lazar","Skeels"
"155","812545fe-f60a-4819-a560-f85ca394da81","Brewster","Freyne"
"156","4d092a3f-32b7-4d1c-8e38-2e42f362a4c4","Joletta","Olensby"
"157","b66cde0c-91ac-4e5b-8375-908c0835f303","Jeniffer","Coger"
"158","5441e46f-c2d6-400a-8090-6712a4104159","Krystyna","Breckell"
"159","ceb50465-27bd-44da-b908-df5a11d6537a","Mora","Franzen"
"160","a1ec25dd-d9ff-4888-8b8e-bf36b4221851","Esta","Kirkup"
"161","8122d297-47d2-4491-9e39-f554aa0ede35","Ariella","Polak"
"162","f20bb0a3-3fd9-4ac9-b1bf-b92ace84eefb","Ignatius","Domone"
"163","5a9e5bcb-9139-4f5f-b68e-5a3852ed36f4","Trey","Gherardelli"
"164","ce05e4be-cff8-4824-b8c6-be03c9a45fb2","Arnie","Broady"
"165","40949501-f1cb-4db5-934f-1369276528cd","Monika","Prandi"
"166","133a0db0-e5f7-43a5-9612-824117ebd36f","Nerti","Grumble"
"167","7da15736-bcca-4756-9916-046cf2bceb50","Blondelle","Clynmans"
"168","16249733-f818-46d2-b0e3-b6a97c665f4a","Madison","Chevers"
"169","ef00687c-2fac-415a-834c-54879f44de39","Sarena","Markey"
"170","7882f316-b37d-410d-9cef-bfc58e43f7cb","Alvera","Mosdill"
"171","37d8f4ad-a9bd-4f21-a582-1e1cc9bfef47","Barthel","D'Alesio"
"172","291de93a-1d10-4969-b6e4-3cf4494b8f4b","Ford","Nelthorp"
"173","c62456f3-b49b-419d-9369-ca2e7d6003c1","Lezley","Faier"
"174","cae98081-7128-415e-ad11-52000f22fc20","Mead","Townsend"
"175","d9684822-8584-42b8-973b-17a5cc79302d","Jammal","Witton"
"176","937a03a3-1fb8-4af9-b8e6-c6d25e2444e0","Gloriana","Wrotchford"
"177","48aa6deb-b5cf-4c65-b003-e6bd33aef584","Alasdair","Byram"
"178","20d5c8a6-f560-4829-818c-2bf13287df7b","Malinda","Bambury"
"179","60f528b5-a595-4f07-952d-cd2512c72b36","Scotty","Huncoot"
"180","e4a1a0b6-3afd-4b87-936f-433bc39d4560","Rowe","Lampkin"
"181","282a07d4-3d89-4bc6-869a-4b149afc9801","Jan","Livock"
"182","cddb2ffc-07a9-49eb-88e1-48fa4a0a8c37","Danella","Hallagan"
"183","2db714d0-4259-4ae7-8770-b13c8520e168","Jeana","Dimont"
"184","859459a6-8eee-464b-be7f-76cb9ccb36d0","Minerva","Palmby"
"185","9299b69e-53ef-4126-985b-93bf5f2e398e","Vincenz","Habden"
"186","fd5c6021-370c-4910-9860-8e4e95323d79","Maible","Deer"
"187","52c628e9-221c-4a82-a72c-060f0ee45068","Bonnee","Pabelik"
"188","8bc28e58-5fbb-4299-ba24-0537965b6211","Carolin","Erbain"
"189","119750bd-1a27-46e4-942e-d92e1d2bb8f6","Lucie","Garrie"
"190","19a72d33-f389-4eaa-b2e5-d2f109a465d9","Maybelle","Ixer"
"191","4f275f21-5c67-4c6b-8ccb-733eac7ee392","Adelheid","Longthorne"
"192","c324a1b3-7cd5-4fde-9d68-10e9f5957364","Jorey","Bratchell"
"193","4ec12c99-f28b-44f1-b706-6d3780b5f6be","Phil","Glendza"
"194","79327772-83b9-4a35-ba0e-f38d3ccab65c","Patricia","Hartmann"
"195","c926016d-0c14-4e45-85d9-1870178b06fc","Rodrique","Loxly"
"196","26320c7b-7401-4fd5-b293-2c5e1b7a634e","Fanny","Orleton"
"197","6ea25416-576d-42c5-9316-f1f17cb5c4a3","Barclay","Moulsdall"
"198","7889b20c-8b27-45d5-85db-59f65bb70513","Brandy","Falkner"
"199","a25d0e0d-3daf-46de-992d-6582ece6a774","Ivor","Gorman"
"200","b8d85d7b-90f7-425f-b185-d82ad803da54","Jarad","Vinnick"
"201","018fac37-1bb3-454c-ae1d-7f5a3f074707","Shela","Collier"
"202","f9638551-80e4-4744-8391-9670c4f23a77","Wynn","Upson"
"203","855783ee-a390-4cdf-84e0-e7b3583a50d3","Lanie","Mc Gaughey"
"204","c8b5ef8a-aa26-4df0-8470-d7915ca4ca14","Maire","Smaile"
"205","fe39eeaf-1dc7-471c-b5b2-d3d5a95b35b1","Caryl","Siebert"
"206","6c80b701-861d-4203-8811-726b6fa7d366","Vilhelmina","Tottle"
"207","34206cc9-9bfb-4878-8e0b-260a3ca3d7ad","Mitchel","Polkinghorne"
"208","15be4f26-7d3c-4172-84f4-d4a384672ee8","Dael","Boardman"
"209","0ffc67c9-67e8-42fa-a913-cdeae8d7f531","Nariko","Frankcom"
"210","d215bfdb-4713-41c4-be6e-fad4e563ba3f","Grace","Shaddick"
"211","ba45fa41-dbf6-4afe-8419-29c0777ecbb3","Francois","Dobing"
"212","b8add281-1ce8-41f3-a70f-8c91ecce2dc7","Starla","Condict"
"213","d91b4652-42f6-4226-8c4e-1eeb869e2972","Zorana","Garci"
"214","ff846bee-2b0d-42c9-b1dc-917fe684165b","Tiebout","Muldowney"
"215","5383383e-07a5-46d1-9e95-8135fff2d9ed","Cly","Romaint"
"216","86ffb7fe-94d0-4695-bbe7-c2ba97989728","Calley","Bramont"
"217","e4f36437-a888-4ee3-85c7-6c0671c5ed4e","Reinhold","Albertson"
"218","236f4be2-368e-4b62-845d-3eb42a70f5e8","Franciskus","Seymark"
"219","3c5f4da0-1785-4e77-b697-5416198c832c","Florie","Drohane"
"220","4aa712a6-f667-4979-aedb-221bf96feab7","Linn","O'Rudden"
"221","9d2f7acd-a120-45b6-b803-764e8924ff14","George","Kivits"
"222","4ca4e7bc-a125-4b4c-abb8-58b4b621b917","Camella","Eat"
"223","52bcc34a-3ff9-4af8-86a5-58ddcd44a078","Redford","Butten"
"224","a7910c9d-08f5-422d-8bb7-f9acb5e8e3c8","Inesita","Snowling"
"225","692c360b-d23c-4c35-ae34-4f57318a6d7e","Ulysses","MacDermot"
"226","2399818f-4c7d-425e-891d-13602ec6e173","Cindi","Piggot"
"227","0b67685b-4b44-40c3-b3c8-db12593e745f","Hyatt","McGlaughn"
"228","b3e93ced-44f6-4b16-9d17-8cb0ed8febba","Caitrin","Garmston"
"229","9a0a9f86-7785-40ad-91f4-c01ebae32285","Eachelle","Longhorne"
"230","29abef6a-c07a-4552-ab79-eb354e5eba96","Abigael","Linnock"
"231","8b37d5d8-9e80-4eb8-9225-4359a2263ebe","Violante","Lordon"
"232","e92ee54f-1153-4bf1-8ee6-f8c92d40086a","Sidnee","Kirton"
"233","9e82fbbf-8de0-44f4-b02d-f50f06b54c9b","Thayne","Arrundale"
"234","2ed658c7-41f6-4f69-b97e-8252421145df","Ardyth","Arington"
"235","44e638f1-cf5a-438d-b463-12a2edd2eb10","Simon","Linturn"
"236","e9ef6fd5-773b-4618-9658-4f20725d9d92","Tedd","Blair"
"237","38b70d49-aa77-46cf-b366-4cf7167e05b3","Hallie","Kiggel"
"238","6137eb8c-82aa-46ed-8837-c2be33ca712b","Ward","Llewelly"
"239","2fd800f1-ae60-4218-9093-3fe4a5550361","Blane","Mahy"
"240","be43ed65-037d-4c6e-863f-13f1a3ead5e1","Marijo","Aylmore"
"241","b01e5b9d-c3ae-4447-928c-7db6c5703f59","George","Mitchelmore"
"242","3ba520df-fb12-4954-9df6-d205fbe04820","Jeanne","Simpole"
"243","73d1120d-ba14-4281-a755-8d2a657f3aa8","Bordie","Petrak"
"244","7dd6c3a9-fc3d-468f-92de-f0c4f1a1b88b","Saunderson","Noller"
"245","33c50b7b-7910-41a6-8396-53fd253dafd2","Orelle","Lumber"
"246","4c9fd75d-2e7a-492e-9fb0-0746e5a3bfe0","Tedda","Barthelme"
"247","06574ef4-d336-4bc3-8297-462af41823b3","Basilio","Pargent"
"248","08a51e25-cc6a-41e0-9b72-74f561c5e7e0","Gallagher","Muscott"
"249","69d91c74-5641-4a1a-8003-4fc7289dd724","Hilton","Havis"
"250","2346c79e-c6be-4861-a86a-7a4fa0b17f2f","Kimball","Tellenbach"
"251","f855ec88-a6bb-4d2d-866e-2c8e1cae1757","Yank","Aldersey"
"252","7c7d4135-d483-455b-91e6-06b59f3cb032","Red","Daldan"
"253","28a2aae7-5150-4ce4-925e-4e35a89df755","Lambert","Hovie"
"254","66b90a0d-6b80-4fdc-9b34-d01ec92b4131","Roda","Syms"
"255","7a99399d-7ee4-4d18-8a0b-003c98dd77d2","Eldredge","Wimpress"
"256","4efecb2f-1a5b-478c-9aaf-f874fbe3a7a1","Corey","Frushard"
"257","198dedb8-2c85-4153-b6cc-3621b95d68af","Connie","Metrick"
"258","9e8eca02-0acd-4f3b-8d5e-9b8ecf437156","Kai","McKinlay"
"259","0f0c6fb4-7273-4383-9614-de1ff006a8fb","Dorian","Chatan"
"260","1d3fe32d-d7e5-4b4f-9541-078c65ff3e84","Bartram","Lidster"
"261","20b893a0-04cf-4e0a-b89e-8e3785bfc0b6","Shirley","Adamsky"
"262","83140a1a-a417-41b2-8236-cfbf0dae03f8","Dorita","McElane"
"263","c0546d79-42e1-44b2-83f4-bd5ae1975b0a","Tabatha","Ghest"
"264","540fa27c-acac-494a-ab2c-4a028eb558a3","Carolan","Benoix"
"265","689d14c3-c549-46bd-b16f-103b32146dc5","Albert","St Quenin"
"266","ce8f5678-fac1-444f-adc7-1607fe3e5568","Ardeen","Gutsell"
"267","d272f9b9-bb55-4da2-9f8a-97c0917bb1a7","Aurthur","Gambie"
"268","32147454-ed4d-4737-901b-7d64cbcb8f69","Bellanca","Mitcheson"
"269","a5f0f0c1-4f14-4bb0-922a-a95ff885669f","Guillema","Keates"
"270","2fc563e5-02ec-4656-9654-ef28838e795c","Kaleena","Lovstrom"
"271","948092a1-ab1d-45bd-8123-9ecd6f0974b0","Marvin","Zahor"
"272","721b1934-d368-47e1-91dc-a99bf334a419","Mirna","Berggren"
"273","f34384b8-e1a1-44e1-b069-bcd99406f559","Diann","O'Kennedy"
"274","0edff7fd-cb51-4b55-9152-8760093f7c0e","Melisent","Pischof"
"275","0a922040-8fc7-477f-9079-2817db06277a","Magdalen","Fletham"
"276","6e6c2e7c-64fe-481d-959e-412ece50de8c","Reeva","MacKim"
"277","7b4453ce-2b9e-4f0d-bb51-1a6d775289ed","Adi","Sirett"
"278","ca1c8076-2c68-4a5c-8709-475244f79e40","Lanny","Scouller"
"279","26ceef46-d4a0-4c5c-acd9-92de351e82e1","Allan","Leydon"
"280","a86af65b-a7a3-4955-a3af-8f12e8a7c2bb","Edwin","Kennewell"
"281","5085efa2-136b-4d91-bee4-ecc7c33c3b3c","Marchall","Massenhove"
"282","8b64f9aa-2293-405b-9e81-c038719d739b","Duke","Klessmann"
"283","7a16e5a4-79db-4213-aa62-212f135eaef6","Devlin","Hancock"
"284","4494166c-aac8-4edb-9921-af2a3471d53c","Mickie","Blamires"
"285","494688b6-cc61-4ffb-91c3-16771b22d81e","Glynda","Bielby"
"286","18f49950-ab86-431f-8b24-f16a040ff153","Winfred","Churn"
"287","9b6b8f1c-df7e-4b94-97d0-d6a9dc87730c","Lutero","Alvy"
"288","51ea5fa7-b9c3-4f9f-8ae6-79c9c3d9071a","Amalie","Labell"
"289","0c21ba1e-b2d9-4727-b4e8-b92d2f69801c","Tracie","Spolton"
"290","25e63e30-7d9e-4928-87f0-a6cee600ce7f","Gertrudis","Farnall"
"291","c73d33ec-b95b-4855-aae1-e79c151eb262","Pierre","Jizhaki"
"292","4c84bc44-e830-4e0f-859a-e7e143a76dbd","Dulcy","Garthside"
"293","d95774ce-9dd8-4fa0-b384-9b03f09ca7ec","Edwin","Dillet"
"294","509c047e-229b-458e-a924-60e62455bd32","Mohandis","Gottschalk"
"295","94336126-df41-4e42-b34a-7f0557174023","Bendix","Agronski"
"296","6abd37d3-13e7-4926-b225-914c265bf333","Corabella","Chastel"
"297","78e0fdec-ba9d-448a-84a0-fc52480df2e4","Kariotta","Roff"
"298","3f1f39c3-ab4d-4bbb-9e89-2e4dcc8416db","Dorine","Hasel"
"299","da00f372-9c91-4b49-9837-424122472bd8","Joell","McShane"
"300","ed59507f-5c4c-4cfb-a301-aec77bbb10c3","Selma","Woodard"
"301","e6d438ac-0f1f-43ff-92d4-38d10fc2727e","Euphemia","Stedmond"
"302","cd237361-a4f2-4db2-a549-ebf86cc12567","Lita","Pren"
"303","2c1870b4-691c-4b4c-9d2a-9a596b654d64","Mariana","Kenner"
"304","6827cdc2-58df-4a08-b8aa-c5ede234cba6","Graehme","Frarey"
"305","9fa30579-5de3-41bc-87ab-375b7f3634af","Conny","Bakhrushkin"
"306","a9ee31c0-eceb-4d59-9e3c-1ca616fed813","Lucille","Prestige"
"307","207e6781-9578-4451-ae45-15463bccf176","Swen","Schubuser"
"308","2cd33805-2e6e-4292-928b-55e8ec4197b6","Davina","Leggott"
"309","61a7770a-1bb0-45ea-9072-6439fe41741c","Bastian","Epilet"
"310","9a82fe6d-7f2f-4a2c-915f-615d7b9dddab","Ulrica","Connerry"
"311","83ac15be-6be2-4497-b51e-0ef0183e1182","Drona","Tolerton"
"312","6f1a1ed0-f91a-4e33-bfb5-7f45000ae733","Cyrille","Brearty"
"313","47a3093f-7835-4704-a951-085ef8d2cc4a","Lia","Rabley"
"314","a20fb9cc-f4bf-4153-9b06-3d6a6d692aa6","Kassia","Potteridge"
"315","511b4af6-54d0-467f-9e39-ff59e898beea","Kassi","Seelbach"
"316","1efc414d-af6c-4f9d-a45c-63c45f2f52b7","Frazer","Pile"
"317","4b1cada9-09a6-49b2-a208-6a50d94724f0","Hildy","Kasbye"
"318","9a1e2134-0485-41bf-aea8-5e70b418e645","Haven","Keelan"
"319","be4ca2a2-4030-4967-bbfc-6dd525b707eb","Kelli","Kollaschek"
"320","5a5e3fd2-3a67-4203-bda0-f73005d8c1ca","Heddie","Ahlin"
"321","327ef06d-bde6-45aa-b841-f5f2f4ae3d49","Judy","Southey"
"322","d64d3211-609f-4a8f-a75d-da3fef91241f","Enrica","Queree"
"323","7482c679-f146-44da-91b7-b946340ddb83","Eveline","Shortan"
"324","3fdc2f05-d948-4c4a-9683-8b45b4e4a969","Farley","Fruchon"
"325","2097427a-97f2-4864-82f0-e928c97d413e","Jaquenetta","Courtin"
"326","e96f416c-d06f-40c5-ad39-54117795b025","Tedman","Douche"
"327","e16c0980-4535-4595-925d-1fac16613ddd","Trueman","Sterke"
"328","342b6cbe-1058-4fe4-a670-282e41768db6","Isadora","Beswetherick"
"329","f5f086eb-32f8-452b-a0b2-06949c806235","Markus","Bonhome"
"330","1648faac-765e-45e0-85e6-214e17ab15d4","Dennis","Volks"
"331","e8803869-b356-48b2-b2b1-0ddfb9b4855d","Anna","Turton"
"332","61d90e09-cec0-4887-b6c9-89f5a2dd9e2a","Gill","Van Baaren"
"333","6e5cc79c-c724-48d3-839f-2374e1a33fc2","Nisse","Gaiter"
"334","c671e9c2-a899-4126-9611-be9b031e2726","Abba","Adhams"
"335","ad97c526-83eb-4abe-9a41-091830b2db42","Durand","Messruther"
"336","83f9e4d7-e008-4d69-aed2-bf14942b50cb","Jesus","Dassindale"
"337","4acbabb7-7758-4ede-a649-816f8d9a9b19","Janella","Extall"
"338","dfc05dfe-256d-4229-9d06-9ada1dcf548d","Gertie","Joriot"
"339","0688bfbb-2d39-47da-950e-1d42b39f84a7","Adan","Bucham"
"340","a2219b1b-becf-4e5f-9249-0019da80b830","Nedda","Torrans"
"341","de541f20-7fee-4377-8ff3-f7cf1157402f","Emelita","Buckner"
"342","a8ac34b9-a522-480e-aa19-3122b6ff76c2","Case","Cowern"
"343","a30102dd-bbe1-4244-83b5-58600b382ca4","Grantham","Greenhalf"
"344","f1f41153-a474-458d-b9cb-dce4dca2f42c","Chrystal","Fyldes"
"345","50f3c09d-9cd8-4084-a57e-5070c8d832c8","Gibb","Jerrom"
"346","a80bf174-882b-4554-8402-35a9ef48238b","Javier","Chretien"
"347","90d806be-7780-4cdc-a44d-f1e5122ef4d3","Peta","Cleminshaw"
"348","a37c1086-90ce-4aca-b846-7503ecd0899f","Annmaria","Buddell"
"349","dc016940-4812-4ec1-b3da-3c51bbeeea2d","Peta","Mecozzi"
"350","f6a16d39-b1b7-416a-8a01-2ac1ad7c52c9","Janeva","Cadwell"
"351","c13bb50e-0557-4a0f-884e-f4290c55b447","Misty","Fortune"
"352","76345176-5654-4bf9-b832-ca892bc3bf45","Barth","Colisbe"
"353","5dadf79e-296d-4d8b-b8a9-ba0cc2b3ad7c","Cory","Redford"
"354","bb8a4684-8b30-4ead-ad84-35a0b2082030","Miguel","Sobtka"
"355","b2b227d4-dc41-4485-bdcc-8b58baaf14de","Bibby","Solon"
"356","db7d3f0a-ab05-4a5a-aed0-b46a6188ba25","Maribeth","Walklate"
"357","201a8708-d1b5-4c6e-9cb6-e9be78572c16","Gerrie","Perico"
"358","6c184463-fc19-42f5-9022-0ca4b41475f1","Deeann","Stuart"
"359","362a7ed9-2ff0-4eae-9142-bb7c707c85c8","Bridie","Trenear"
"360","a2d0f9e7-52f4-4f7a-be68-abdeea8e78be","Gui","Woodham"
"361","e6632f42-33a2-4072-9a86-bbde56a587b5","Juan","Deely"
"362","8e5448e0-8af3-4a84-9598-dd5c7189a178","Derril","Orrock"
"363","54e1c002-56be-4819-ab03-4fbdd3b2a96c","Ad","MacKniely"
"364","8bf0ef8c-3d13-4c63-82d0-768cbbe8166f","Christen","Borne"
"365","4866bcf4-627a-4b72-a0e7-93bb195897ff","Darrin","Batty"
"366","f5872b86-27e1-4cc9-bd39-c674dfc3eb3c","Olly","Whichelow"
"367","4493dcb3-8117-4383-9d29-4ffb5db184f9","Zebulen","Demonge"
"368","9066d91a-be76-4f1f-a30c-22d38a9d0639","Marge","Corley"
"369","56d7ee5d-da31-4d63-9639-169e56c7d982","Koral","Purveys"
"370","8d678bd8-6edb-4c24-b539-786864a5315b","Kelvin","Edgson"
"371","b8b80d2b-705b-4057-94f4-93a7a648acee","Alberik","Glanert"
"372","68997f13-f461-4f78-9326-0ddb4d2bb386","Keelby","Palethorpe"
"373","4ce548c7-3174-4c6a-ab8d-98135550c936","Bunni","Parken"
"374","e14fb13f-ae66-4e47-aac8-e4a20619c10e","Harrietta","Arzu"
"375","72cc6232-7790-4957-b9f8-df57a503f3b6","Alyosha","Tarn"
"376","401dc831-1a77-443b-9007-538a3fb6ab7b","Cariotta","Crayk"
"377","38e11ab3-d2e2-4d63-9909-f93dad9fc54d","Clim","Pessler"
"378","8d8a125b-c463-4db1-a175-d026c92a676e","Rayner","Gilderoy"
"379","b98d578e-748b-43ae-8404-eb4a762b1193","Hy","Tanswill"
"380","cfaf262d-180a-4769-8f74-6f983838f66c","Meier","Mabee"
"381","60eedf78-fcdc-4f48-8460-9e22ef760196","Byran","Tinghill"
"382","26943660-a313-44d0-8990-94c3b4da3023","Edie","Mosby"
"383","f325ec23-cd38-4a29-b34a-354319608def","Dayle","Snoday"
"384","0698cccb-54e3-43be-bd12-502cc03ad6a0","Octavia","Gowrich"
"385","f663157e-8069-4e23-971d-44ddd06f40a0","Tan","Whettleton"
"386","a69c21f3-b5a9-4191-8575-e8bcf555182e","Ladonna","Kike"
"387","0dc44966-9dae-4516-8aa6-05633f4f054b","Dino","Charpin"
"388","0805f131-254e-4e5a-a9ab-a85af2089823","Vicky","Wragg"
"389","0600c5c0-8a4e-4d4c-9860-5a03c2bc3b60","Brunhilde","Comolli"
"390","8d4f3b47-6913-4d28-b243-faaed9debae8","Sara","Kuna"
"391","8807ea01-1476-4c6a-91c8-e840c716d9ea","Ernst","Guido"
"392","bb380621-bc61-4869-8d26-10f48ad06183","Kary","Pfertner"
"393","b295d65e-c4ec-4622-9967-45a3916b7092","Averyl","Rappa"
"394","0ceb7377-7f72-4876-93f1-47e3cd1c2f74","Philly","Flowerden"
"395","a4e14b45-b530-43a1-9736-7820845495bb","Amalia","Fullun"
"396","97a5cc7c-9a55-4009-8174-6b6e9c4ee31a","Harli","Wedmore."
"397","293c77c4-ad34-4b2d-8f28-71e60a65adf3","Giusto","Boord"
"398","285f3af3-1145-4f2d-a621-1082261b7ed1","Jacintha","Creer"
"399","613398dd-8797-4485-abab-917e83f8c81c","Sib","Bugler"
"400","2e918cea-73d7-4f88-afba-7e2cfe4759fc","Nicky","Kinglake"
"401","30c01f01-26b7-4d66-96a5-4e61835e50b1","Conny","Full"
"402","2b932439-daeb-4de7-bc3e-72b0f6bde7a2","Ozzie","Daton"
"403","34009d0c-25f8-4d08-926a-6c9c222765cd","Anthiathia","Noraway"
"404","b9ba6dec-74f5-4f27-8d0c-e235a160c1dd","Phelia","Suscens"
"405","b969dd62-5501-4a88-b067-24a5807acabc","Elbert","McCuaig"
"406","e195ce5a-f40e-4e0b-80c6-28d4feff8f40","Duffy","Jerche"
"407","58f61dcf-efec-43fc-b418-b64e1f23da97","Francene","Keohane"
"408","a61c4286-19be-4dd6-be5c-0698ccd3cd2a","Mal","Atkinson"
"409","3a383950-a059-4d9a-a12b-c7d22a261246","Kasper","Scuffham"
"410","0d1e3b84-e1d4-4d64-a5e0-9763a92e3542","Genevra","Longhorne"
"411","6d9b480f-3265-45e5-843d-38c522b2d5f7","Cam","Lampens"
"412","6f6dd454-20de-4985-a42e-15af39afc994","Judas","Bentson"
"413","024e1977-a3b1-4992-9979-850cd97550e9","Reinhold","Ahern"
"414","fc798917-d882-4e70-9342-303782ef543c","Hedvig","Glasbey"
"415","5807d39f-7504-4d7c-9cbb-4c50e74c8ad7","Priscilla","Barnsdale"
"416","5d561bc0-a87e-4b5f-9676-db383e1e961b","Erena","Klimczak"
"417","cfdfb96b-d0b0-4924-b763-5f1d52d7bab3","Ansley","Chatel"
"418","f06e4845-d8e6-4141-bdf4-4892b8e78ad6","Cirillo","Cassel"
"419","f2fff2f2-510e-49a7-b9b7-859a4ebdae9b","Pauly","Roddan"
"420","e47b6bbc-b22e-4c8e-b088-56cba57b56fc","Siffre","Misson"
"421","673db4b1-27b8-43f6-8d06-c1b20fcbe737","Holly-anne","Gravey"
"422","74f0c664-f595-4884-a283-1b3dfd3fe794","Augusta","Harnor"
"423","d065828f-d3fc-4daa-ac24-c9f309c27811","Em","Bitterton"
"424","239bf37e-8376-49ee-833f-c3f1a61833e7","Allan","Hoyes"
"425","095469c9-22d8-4ed0-823e-ffdf5d3e735c","Nikoletta","Chessum"
"426","a0db0125-f377-45a4-94eb-7b591f717a74","Tiebold","Phillp"
"427","82244a95-44ff-4260-95c0-57c48aae8132","Nichols","Angeli"
"428","b482a8bc-930e-4ec8-be8f-da9aba96e6c4","Miof mela","Tomaszkiewicz"
"429","a5904252-ea5f-494a-9a56-5208271ed3c8","Cleopatra","Mayzes"
"430","711b9583-4dfb-4c28-b94a-d46daf2960d7","Joey","Klampk"
"431","124cdc1a-1089-4512-90f5-61c1b03528ec","Morgan","Yeoman"
"432","63b1bba9-1280-4b16-9600-963bce16d9d5","Ross","Atcheson"
"433","4aee33e6-b10c-4415-a089-7f27ff490504","Roland","Balchen"
"434","41f52b08-d490-49f3-bd70-bc3baee25cda","Kayla","De Giorgis"
"435","6f7af859-30a1-4938-93e2-0052b991b8e9","Olivette","Iles"
"436","f581fab5-ead2-4870-9fa4-161cfa03d3ed","Jillene","Riccardelli"
"437","31b50159-e867-416a-84db-a390a390cad7","Tobias","McGeouch"
"438","ce3cddec-10c5-4453-82c8-ea23106a060c","Lindy","Waddilow"
"439","d2017a4b-0d32-470d-ad76-121c8cd44330","Gertie","Stilgo"
"440","e31bdcb2-faba-40b4-9270-2c5bbc3d4803","Franciska","Bentzen"
"441","c005afc4-9236-4ee1-abe3-f24b7512ccc8","Ursula","Chambers"
"442","3b7a4b83-be6d-4404-8e22-2696072195dd","Callean","Curtain"
"443","1ce2df52-70c1-43fc-b674-56dfc3c0d488","Vilhelmina","Graine"
"444","4e892a4c-4256-4a58-9d73-97dd8c2c572d","Correna","McNeice"
"445","5ab05370-5c3d-4489-b162-4e2b7139d321","Gilda","Thwaites"
"446","9a7f34a9-b140-41ac-a79f-1272539cade1","Joelly","Riggey"
"447","b3ba9086-ee30-4c5e-a741-00739078b91d","Edi","Ottewill"
"448","9ffd6ad0-21a6-4d52-b1f1-59153b6be4d8","Lauralee","Skull"
"449","3da7131c-5ca6-4775-ae31-c613dfdce10b","Jessamyn","Kingdom"
"450","753526d4-31ed-4656-ab95-a4560194efa4","Sebastien","Atchly"
"451","b89c5d94-bd59-4b87-a4ad-a50ed4eb1320","Harmony","Grosvenor"
"452","1f0386af-5503-41b6-8c61-513ba317e9e6","Yalonda","Brick"
"453","35f4f2fe-f4e9-4c3e-913b-23a55b14a019","Eziechiele","Crimes"
"454","46b9a7cb-b0bf-4cfc-9827-b7e8d1c34bd5","Jayne","Guyton"
"455","fb9730fb-fdd5-4f42-b91f-0ec28dd72630","Pancho","Younghusband"
"456","0b7d7d50-9b71-4d71-b712-b14c43e9009f","Eileen","Lannon"
"457","228ce22e-15fb-4529-961f-f140e309b3c3","Margit","Osgodby"
"458","67216f94-b55a-4e16-a327-5c6a82b4b534","Bordie","Seargeant"
"459","dfa316e1-949b-4e45-ac42-5cebfa67550b","Chen","Cartan"
"460","a508622d-cbdb-40be-a58f-98edaec00d3d","Justinn","Vearncomb"
"461","0ab26c68-c324-44cb-976a-1f8457b343a5","Von","Strainge"
"462","227ac321-4c38-4d3b-bb08-5eee88f47dd3","Shawnee","Yell"
"463","dc4be339-11f4-4ed5-97a5-b543fdbf8977","Ketty","Bartleman"
"464","c2333642-db5b-4f9b-80fd-80ec936c4ec6","Mollie","Pigdon"
"465","9e98ccbe-2db6-42c4-9656-af94f4100f18","Ezri","Petrillo"
"466","9923c90e-1017-4f72-be0c-8aa0338e57c1","Kathlin","Dunbabin"
"467","67615659-9604-4528-bafa-1d65f0110552","De","Asher"
"468","5c17f579-37ce-4537-a2b8-076ebdfbe10f","Jacky","Strawbridge"
"469","a55c6ad0-dd5a-4588-aa8e-f40bd433a3c4","Michell","Crocombe"
"470","c026c91c-8143-4a18-a15d-8e28914c86b4","Antoinette","Dickens"
"471","67d9187c-cf5d-4d9e-8690-20e17bff7dad","Cordy","Nettle"
"472","0841dd36-9b7f-4f8c-a57e-8bf865edb835","Keven","Tregido"
"473","e6592386-ea9f-4d73-ac5c-cb2f64250e24","Kristos","Thornally"
"474","d49a28d2-d1e1-4318-8643-99385c577e9e","Britt","Prudence"
"475","c08a023f-6da7-4f95-8acc-0f544cf8d6a9","Shina","Cawker"
"476","33e3625c-6774-4f9e-bee7-980c63634c39","Quintana","Tames"
"477","09246372-9f78-4573-80a1-d780b69a7f6a","Salomone","Simper"
"478","abeb9415-3a85-414e-9255-4511c503623f","Gwendolyn","Cumberledge"
"479","ad44a8c5-146d-49ad-88ae-0e27951c8f9a","Raine","Bradden"
"480","5dfe8ba3-7de1-44aa-be44-831854b6f794","Thekla","Boomes"
"481","2e02c288-e36b-4d76-9099-fbedff2452d3","Caritta","Agg"
"482","3f6700b4-c51f-4d02-a8fd-740876b468f1","Elisha","Banister"
"483","7346f373-bb65-4cbe-9900-066ddff9fc91","Correna","Kohrs"
"484","313fdc2f-600d-4e8c-a79f-b0a497fb1636","Pamella","Wabe"
"485","dedee9c3-fe47-454c-9cbf-6dcf97a4f03a","Baird","Hinze"
"486","930b757e-7e4b-4c38-99a6-8f39c8b0db54","Simonne","Lattin"
"487","23c7a325-5a24-47ab-ac11-bdff7a397ea6","Roxanne","Byng"
"488","4ca7a344-0f1a-403a-8d99-dcaa32b196c4","Penny","Proctor"
"489","baf416e4-7380-471f-8d2d-4aad1618f80c","Desirae","Hambright"
"490","58a5219e-bf7a-4998-8e55-25cc4d412b66","Kalindi","Antunez"
"491","09916490-3bc7-40f5-9665-5d265d2b17b0","Creigh","Llewellin"
"492","c14c1271-1187-4e03-8a27-de65def21679","Vergil","O'Kelly"
"493","a20a9096-1426-40e3-b72a-459435a1abf0","Dedra","Jorez"
"494","3f005fda-cb7f-4680-89b0-0700b8c2b26d","Jeanelle","Pindred"
"495","171f2006-207d-4bf2-b8c1-c211fdb89402","Fianna","Reaveley"
"496","309c09cb-52f6-4577-adaf-c6e604351652","Joey","Killby"
"497","bbc32f3d-96a9-43f9-b107-33a94177fd03","Theo","Menchenton"
"498","9441d0d2-a7a3-477a-a192-f2d18a171047","Misty","Seldon"
"499","4f334735-6802-4e3b-81b6-535301ff23a8","Gustav","Lanchbery"
"500","c80f7e4a-2067-4f8c-a03e-eb6e7d95ff37","Armstrong","Cove"
"501","e42c10e8-5269-4445-8f8f-247710d51511","Augustin","Rummer"
"502","f29c7d5d-dafe-46d8-a9b4-effd1232cc19","Stanford","Rouff"
"503","968c9ede-e92d-48de-a827-7ca686dffeb8","Emiline","Lattey"
"504","df831d59-bd6e-4a43-955d-0f09f43a59cf","Noel","Nyland"
"505","8568311d-bbd5-4183-b0b2-720eb16aa836","Ricki","Castel"
"506","98106c6a-5539-47d5-aa54-235cfcf2b634","Livy","Balderson"
"507","300cb41d-0280-4379-8578-fc1bd6a7e848","Sissy","Alliker"
"508","923df3a7-7b45-4f7f-a1c2-1b41c8c15b56","Jenifer","Doerren"
"509","063f71bf-615a-48ff-a282-c2b8e5595af5","Elysee","Callard"
"510","d70193e6-6ee0-48e0-bc1f-9fb6b54e5806","Aube","Brownett"
"511","3b928b86-c7a0-40b9-88a0-5e094e4d2730","Kin","McGrill"
"512","dd5d7d28-1ec7-4db7-9d46-f2a5d431e206","Goran","Paolucci"
"513","70fc8c30-9767-4c4a-b09b-d5af1fe8b546","Adelbert","Loadman"
"514","c007e533-70ad-49da-b778-bc1a4a7c15bf","Damon","Bottlestone"
"515","19ff0139-6d02-4651-9fa9-6327365adc0a","Fred","Holligan"
"516","fcce07f6-cc54-4a48-a83b-be74a4f0d054","Graham","Falcus"
"517","9fc957c3-fbf2-48f6-a752-cc991e5e9c39","Grantley","Heistermann"
"518","a87d76fb-d99d-4cad-b61b-3dd1861a46d8","Dav","Fayne"
"519","4177361b-f527-4c64-90eb-5d7b0b2497ab","Audi","Ellery"
"520","12f0ef3a-8dd5-4421-b0ff-009e92c66052","Aura","Gilleon"
"521","2f4ea1c3-6b4d-4d92-849a-90815c5b62ff","Care","Ritch"
"522","415ed765-048a-46c9-9ab3-c46412e0ecfe","Jervis","Featherstonehaugh"
"523","9fb15be0-de9a-4009-9d4a-068f46574573","Candice","Adney"
"524","61dd6d24-cf6f-478c-9cad-95128cddd5e2","Kittie","Aggiss"
"525","dd5daeea-ae93-4a6e-a652-50865b1dffa7","Irena","Scuse"
"526","860aaaf3-867f-4330-87a7-0322779fd9bd","Stoddard","Moses"
"527","1f1ba342-eaa5-47ca-afb1-c9f9d130eddf","Ludovico","Donat"
"528","ec20f37c-8d2e-4649-9b5d-5a6e371f1668","Bren","Troy"
"529","b8b5bead-5548-4632-a9f4-df2950d6b875","Horten","Howe"
"530","c4b8ae79-9ed4-413d-9d78-c61a80320400","Wendye","McFetrich"
"531","02451d6c-7db9-432a-a8cf-435fd4bbb7e2","Amara","Foskin"
"532","00229e52-cdb1-47bf-ba48-d94fc403d006","Elvera","Terrell"
"533","3cab6cb6-42c6-409e-811b-432e719fc3f5","Dallas","Ickeringill"
"534","a6d56a6a-bbd3-45a3-bc4d-1c7996726b3b","Bondy","O'Dreain"
"535","f3e9067f-39b4-4939-83c8-7f0ce37d48e3","Loella","Volonte"
"536","72c1df07-4954-4b12-927a-7c73962ed6b1","Zaneta","Byer"
"537","b1570d9d-d88d-47e9-a8e0-5eb96b1c6d70","Jacqui","Berney"
"538","22ab9265-6222-4151-9a72-1743f279e86e","Merill","Outlaw"
"539","ad769037-1c84-4615-9aa6-bccd0591c248","Angel","Bazell"
"540","8db4ac79-c672-4aa6-b902-0c986f7a5b6e","Sibyl","Daymont"
"541","708ab3be-763b-47a9-92ac-598db285e8c3","Angil","Dmitr"
"542","043fa366-b951-451e-97e3-3e27c4cd3713","Desmond","Veall"
"543","42cb9f2e-3a72-444b-b665-bd25b53ce544","Uta","Selbie"
"544","648625ca-f81b-4b13-8728-c98749edca77","Isis","Lacey"
"545","62630435-ad29-4e0f-bd92-23bf5ab35f1b","Floria","Locket"
"546","b01a79ee-3a5c-4a63-a4ad-2070996eb21f","Tammie","Kornes"
"547","8c50fa2a-12df-4866-a153-10a442b6aa79","Birk","Davidoff"
"548","3a6b9fad-97d4-4897-911f-fdafd32f971f","Chick","Walenta"
"549","d6e99ea9-23b2-418f-9230-240b5fbca295","Cam","McShee"
"550","06f56895-48fc-4006-9d31-349609cf1f4e","Morley","Laurenzi"
"551","7578f828-f9e6-410e-9cab-f21726adddd4","Annabella","Hadny"
"552","145e24e2-fcc6-4cff-87ab-c0f02c354c4b","Jeddy","Chadburn"
"553","e3466e07-9db9-4f1b-a014-9d78325cab9c","Mavis","Carrell"
"554","26f0f09f-be45-43b6-be90-61f42c08beac","Dina","Allsop"
"555","4c1ad67b-a423-40f3-9b30-c05fe9e19b72","Adeline","Dahlberg"
"556","713ed7bb-58f1-4c36-8a9c-9d56a7a0ce1c","Loise","Oxlee"
"557","2b7d61d8-2db0-4b58-9d89-3f35dea47509","Skip","Sivess"
"558","d6115e63-a86e-41b7-9deb-8514d46ecff0","Coretta","Slixby"
"559","ca2940f4-32b2-4dad-a0fa-c4e579565744","Wendie","Mewton"
"560","40fb757e-69bc-4b1c-a868-c83756239a4f","Olwen","Baverstock"
"561","0e3e1808-daf6-42c5-ae82-6eff8e81af5c","Berkie","Parker"
"562","f31f2cc8-8fe8-4242-bdeb-34c4086f3afa","Tyne","Ambler"
"563","4c75236d-f6b3-4d71-84f5-774e2aaaff1d","Melisse","Clutterham"
"564","42113420-0786-45b6-94f2-911ff19a9564","Anna","Giovannetti"
"565","20ad515d-0562-497a-9922-cf40efd03f2f","Alli","Simeone"
"566","087c978c-92a6-4c6f-b428-8c707453f27b","Elmira","MacCosty"
"567","0d18a18a-a787-4bbf-bea4-79a94ae31863","Colline","Kettow"
"568","7d1a619f-24f9-4e55-a7b8-1b4be90ae539","Vin","McGenis"
"569","59f42529-bb00-4749-a9fc-6923f0841d06","Maje","Dannatt"
"570","abc8f4b4-9884-4260-a471-49e1485ad9d1","Dimitry","Soppitt"
"571","7345f0a4-0370-4f9e-8081-8141055b500c","Enoch","Hooke"
"572","e185bcc3-ffe1-473f-9853-4de74980241c","Albrecht","Prose"
"573","a152cf06-da68-4ac3-8498-0eecd307c6aa","Jolie","Jell"
"574","8d0b8172-ef10-499d-b8fd-465158610477","Maressa","Sexton"
"575","c56c8915-f77a-420c-9115-1814e1eb86c2","Hilario","Coomes"
"576","5f223742-e320-4c6c-bbf6-425fc6a0c54c","Lillis","Verman"
"577","d540b0ec-f755-457a-97bd-7ecf24b7c74d","Vaughan","Doring"
"578","147177cd-9396-4932-b93e-09f16a768847","Nerti","Wimmer"
"579","34c8812c-24a3-47e5-b2af-2f043f1adb2e","Willyt","Bushnell"
"580","f38c0744-f978-42f1-ad88-9a1a5de35a93","Alexi","Waterhous"
"581","bf5aa891-2925-4a4f-b765-f69156ae0311","Marietta","Swoffer"
"582","66655fde-faba-4685-ad78-3ceb5661ba50","Pietrek","Hourican"
"583","ebf34d59-fb5c-42d4-b229-e5456f28131e","Leonardo","Ogg"
"584","5357d8ec-b09b-46ba-a7c8-89b051b34c0f","Gregorio","Gyppes"
"585","4fe8a58e-4e96-438a-9d31-710d0e8f72e9","Corly","Cooksey"
"586","c1c3de43-18f6-40ca-8b90-5cf73d96c9ae","Jennilee","Nozzolinii"
"587","943c585b-3505-4756-870f-518074b8050d","Hakeem","Stoneham"
"588","157ee0bb-e90d-42d1-8e64-6f72e47859cd","Ebonee","Elgood"
"589","1be67f37-7215-45e6-aeab-9e7a9b207bdd","Oralia","Tunder"
"590","cf76e1b0-911c-4c6d-992f-575961b9eecb","Anthea","Cafe"
"591","c4b87b2d-a562-41eb-a582-64aafd40bba5","Eulalie","Vittle"
"592","88febeac-52b6-46f6-8a24-58bb59e5619d","Tally","Coleford"
"593","dcd39fa1-6a0d-4636-aa8a-134588efb82c","Bendick","Hargitt"
"594","13973c8f-95f8-4bbc-8b81-36b786c54a92","Kathrine","Aslum"
"595","fcebe4d3-cf41-4d3f-b85c-8af4df6c548f","Ahmad","Lamy"
"596","17aed6b1-531b-467a-a3e0-267c97670091","Ranna","Conaghan"
"597","ef866c26-ad55-4bda-978d-a0343e182ef6","Arlette","Munehay"
"598","f3cdc5ef-81ae-407c-8d68-d88b7db6f645","Delilah","Haken"
"599","1e6dda4e-d8e3-4a15-bb10-2e68138f92ec","Ketti","Grasha"
"600","7971cdf1-aa36-4e23-a7d9-e0b06292e48e","Bobbye","Fawdrie"
"601","ff51b8c2-197f-42d3-b937-5d6d6ac1b79f","Debora","Uccelli"
"602","33e85480-3e35-47ee-aca9-6e91a78b41e2","Murdoch","Deehan"
"603","b5b74a75-771e-4149-8018-b9c9482a005e","Estevan","Kures"
"604","03f7af8c-44a5-4052-8c7b-16597afe6e28","Alexis","Stannis"
"605","948da9c7-e51b-472d-9802-3e820bec9f8e","Jeramie","Lowthian"
"606","56f1a585-74b0-401e-b0fc-b63b81547148","Simona","Ninotti"
"607","7da7bc58-6059-420b-b294-bb63bdb62b40","Ulrikaumeko","Zanutti"
"608","a56f634a-c15f-491c-a28a-275f541e5a5f","Teodoor","Meigh"
"609","e1b93132-288d-499a-88d5-50d3576ba51f","Edan","Vigars"
"610","9607845d-20f5-423f-905a-11e7eee30724","Harland","Cabena"
"611","52c2d6c3-f2d4-4bcd-85ea-ad23a6d107d0","Konstance","Mendonca"
"612","36256f38-895d-46e2-801b-46824338f7e8","Brinna","Esherwood"
"613","a1fb0e69-644e-4e03-bf09-889a3d2adf81","Lolly","Bottrill"
"614","2527eee0-bbc8-4542-9f5c-a70a60b5b585","Lyn","Donkersley"
"615","d91facc9-dafb-4196-880e-c0c3d93af89e","Hagen","Peregrine"
"616","ea9169e0-79bc-42f6-8f91-98c65b6c76b3","Halette","Seneschal"
"617","d43bb262-8d45-4398-931c-8c2f32f57437","Hana","Kenny"
"618","7e2484fc-3a72-4568-bc9f-6411eefbaac1","Dalila","Championnet"
"619","b1186c6c-db92-47c7-ab82-699ef9a79ee7","Annabella","Prayer"
"620","5e72fb49-e1f9-494c-a071-1065d0870cd7","Shoshana","Moyle"
"621","d93660b5-efc8-4231-9866-a2477d1586a0","Rana","Pettit"
"622","9466df8f-322b-431d-ba77-b8e3a8dbc86c","Yevette","Glendining"
"623","e3e6bb6b-a20b-487e-9143-93e007b271e4","Zsazsa","Cattonnet"
"624","33805e04-7cdb-42e6-9dc5-a88ea213d56d","Jozef","Lockie"
"625","f4568c94-c07a-41b4-b62f-ec26833c1a70","Jo","Brodhead"
"626","6805c299-ef41-4d31-835e-59c3d29345b8","Filberte","Zimek"
"627","787e2155-a767-4f16-9bc2-74316e6f0e1e","Reade","Witherow"
"628","547a4215-4027-400a-a7fe-26f77bec14e1","Rafferty","Fumagalli"
"629","00a5332f-6b17-4da8-bfb9-768336892632","Christiana","Fitzroy"
"630","1a6daa57-c746-4a77-829d-c4896b1863ae","Curt","Hailston"
"631","17bdb5cd-0be0-4b52-b496-c4b6f858b799","Lula","Jollands"
"632","d82ee0f4-fb25-4bad-a0d6-c12e2998bc30","Barbette","Kloser"
"633","8a910864-ecf9-4ef7-be56-b23c0ce750d6","Bernarr","Lytlle"
"634","efdcfb39-cc77-4096-aa00-ca463a1820cf","Marji","MacPhail"
"635","5fb06232-59bc-4727-82ae-47eb8b6fa66a","Constanta","Gateley"
"636","a9c535f0-1d52-4d90-8ef4-b4e0873de89d","Dorene","Maharg"
"637","9fcf89de-e986-482f-9b41-83b625e4e311","Robinet","Ekkel"
"638","b51e9106-1ff8-46f8-a762-fcef2e6fe009","Ly","Ferrucci"
"639","c00b1b22-e7a8-4c75-a2e4-5e5a952f1c0b","Melisa","Boler"
"640","74a456ad-c38c-48e1-8a9d-ea2cb8352b0c","Spenser","Sanchiz"
"641","e0eb1ac7-0173-449f-996c-8ca003460331","Dalenna","Driffe"
"642","30119b39-1ed9-485d-a982-d0a10e0cf5b9","Charin","Glide"
"643","bb8503f4-48aa-4db2-8f96-e618eb0a17c4","Ezmeralda","Kubu"
"644","8f470011-f4e4-4200-a974-4868f442e7da","Noel","McDunlevy"
"645","4671723a-15c9-4013-b4ce-6cb15887369f","Neils","Waddilove"
"646","65e22139-ba4c-45fb-9e6d-e95dead1c359","Mallory","Ingleston"
"647","906b5d2a-ba25-4db1-941b-839a687257bb","Elene","Patience"
"648","330532bc-5e34-42b2-817a-e52c0344f9cc","Virginie","Blanning"
"649","b7c2858a-9569-4eeb-9642-e1b75f6a015e","Stesha","Offener"
"650","33b46874-bd1f-48a3-af3f-34d6950af4a6","Arda","Mayoh"
"651","578f87e3-b87c-485e-aed4-2d49e1bb7c3c","Koo","Berthelmot"
"652","fd243f76-bcf0-43df-a283-5c01df236199","Ferrel","Gooley"
"653","86d8712f-a0a2-45be-87a9-de334a4e633e","Allys","Hows"
"654","2da48a06-4138-493d-a650-038c35478d3c","Elsie","Heyns"
"655","9be3edb8-7fdb-41cc-9cdc-354572e29bec","Ingamar","Yakuntsov"
"656","eb3761a7-abfa-41c3-954f-e2ba3e6b8b8b","Carmencita","Guinn"
"657","14a825c8-8f84-48b9-909f-a4fea7d5b7a7","Ellery","Ould"
"658","d134b4b5-c0cf-4c58-a915-4edaf812a95f","Pavlov","Adan"
"659","58a68a92-a8d5-4ee2-9be4-f5a42d661b1c","Merrill","Dilawey"
"660","4380a0e7-3862-4a26-8d93-12a31f4822ab","Wildon","MacElholm"
"661","9c2cde91-f306-41bd-84b7-53766a76f2bf","Bat","Bootes"
"662","11bda523-f401-4aac-b153-c7150a641e8a","Monica","Mussen"
"663","5b094966-2049-4b31-82fb-cb013ac8e9ca","Newton","Purkiss"
"664","acc36326-30c2-4591-95c8-d2a2a8d49b9b","Sidonia","Schiersch"
"665","267094c2-bf70-4899-97c8-87e5403adb82","Babette","Bowditch"
"666","1e06d909-0e30-430c-8354-86c4b60ff90e","Virgie","Thake"
"667","702e37d6-4c03-46d0-bd26-79d8ae2b5d96","Clemens","Corston"
"668","962f10be-c372-44dd-8510-56d461d9b2f1","Riccardo","Guillard"
"669","60d4b92a-1c9a-4d44-ae04-ff0b7a1f70bf","Dannie","Farlam"
"670","3d3cdf27-400d-46f6-aff1-c4a2e26963ca","Quinn","Bysh"
"671","f4ed6152-ea4e-4f1a-bba9-c5f7216cc376","Carena","Paddison"
"672","21ce0e97-2986-4311-bc4c-49535e966d2d","Jada","Glanton"
"673","5f64723f-2749-47e8-8fdd-8be54f31ed1c","Quincy","McGrath"
"674","eaecb771-a581-4f0c-8ead-8fa474dcae4f","Shep","Kilbourn"
"675","f9fbcee6-60ab-44e1-afb6-403a2dd7b142","Cosimo","Haverson"
"676","8422f6b6-6240-45d2-bf87-12bf3ca8d476","Allys","Crawshaw"
"677","a35b2c9a-6b6d-4595-9dd4-d28714785888","Minni","Balaizot"
"678","fedc14b1-bf14-49d8-89ee-38ba96ea0e25","Odella","Rehm"
"679","41f50734-0e6d-4c4c-9a29-97e8d36dd58a","Marylin","Carstairs"
"680","9e2ea01c-a4bd-45cb-8740-6a403f9e82de","Camellia","Verlinden"
"681","e2317507-0554-46cf-8763-1fd28c9ed1e2","Bliss","Caygill"
"682","d5b5d66a-dd3f-479e-b9e5-665274d3b457","Blaire","Munt"
"683","2775614e-1532-41d8-a559-76b9c9b5ad43","Guthrey","Yousef"
"684","fa203bde-d11e-4583-ba22-2b5a9c260d5a","Zared","Pressland"
"685","0bc8ea17-73ff-4c03-9f2d-2f409736fdcb","Lukas","Tysack"
"686","ba86dc02-7996-4b53-8721-cb6612d5f375","Denna","Doreward"
"687","5093533e-59f2-4487-826f-b53b03acfc75","Les","Curtain"
"688","81fd4e17-2ce5-4c66-9f04-6441f0531e60","Mirelle","Howle"
"689","992024f3-ba37-4264-9a48-e3c3917ab407","Adan","Ireland"
"690","b2d82cac-abfa-443b-a6b1-fca118526198","Leta","Slide"
"691","e9f57bb6-899f-4a91-b374-bddd51c12944","Brooks","Lealle"
"692","48c01195-f422-4810-8ddd-566f7caa568a","Meggi","Fielder"
"693","a1e15d31-e80d-43e7-890f-d493e8e46253","Idalina","Lalonde"
"694","205d5bd9-c5bc-4390-a0b1-56db09be199b","Justino","Morrott"
"695","c54bc152-3856-4f8e-b2cb-facaa9c8e5a6","Mortimer","D'Hooge"
"696","8271c317-d364-4777-86f5-e616ab391d3c","Carmina","Corneliussen"
"697","4f71570b-93c9-43ad-8364-ed847e8c659d","Lance","MacRory"
"698","77b91ce1-8d98-4304-8454-f858f324c404","Zared","Tedder"
"699","282cfc33-08cb-409c-9b6a-e14c23439eeb","Constantia","Lansdowne"
"700","f85fcdf3-83ac-4212-bfae-b9f3a46c3bc0","Manya","Surcombe"
"701","ce792d0a-a77b-4aaa-b68e-21dd8f5530bf","Augusta","Darracott"
"702","1246362d-5b17-4025-88a2-3f88a47dbea0","Brucie","Le Sieur"
"703","1f6f306c-8a22-4412-bb06-b253b7384464","Lennard","Orr"
"704","2d5aefee-33b4-4258-8db1-0068129ed72a","Miltie","Palffy"
"705","96d857fd-2fd7-4790-a16e-23b2b1b9539a","Boyd","Arnull"
"706","cf9e1b36-906e-4e54-b219-f47e375cee53","Donnie","Atkins"
"707","2c9fdf6f-68e2-415a-b4a5-de1ece58576e","Debera","Fairpool"
"708","fc955270-9e8f-4edd-9ff0-31a7faa1967b","Wes","Cauley"
"709","4fdc8b23-e4b0-4ae5-88e6-b9b9fcfaa5fe","Anton","Lias"
"710","d8280850-3d63-4b14-ad75-8340046c4b58","Dalli","Tomson"
"711","8660e549-91b8-479e-a0b9-9e90849d84dc","Martina","Farnaby"
"712","366a31d7-3666-4130-8027-7f68212193d2","Gigi","Reddin"
"713","70105e72-965f-4a53-9409-d16d73995875","Melina","Densie"
"714","a08098a3-960c-4b49-b1ba-8bc9a9428f38","Owen","Wherton"
"715","60d4e130-2a95-4251-85db-0915bcdfab8f","Larisa","MacMechan"
"716","48fa2719-1ed6-4881-84db-0e163aeda2f2","Corny","Gantlett"
"717","a7253f9a-2575-4f18-9b58-c37875f9ab41","Whitby","Vassall"
"718","8de55c91-d661-4c31-88f0-d2ba2c348f28","Shepperd","Courtonne"
"719","2594af0c-ebaa-4407-a7a9-faf08050ed64","Homer","Simner"
"720","1fa11a44-926d-4a26-bb14-bdc584eddd18","Kalina","Bodleigh"
"721","449d14a2-9fb7-4d95-87ce-4b05bf8c5edf","Nolly","Lie"
"722","33ea4dd6-32f1-4238-b2b7-13b6ebf1eedd","Ricca","Venton"
"723","2afd17fe-ab31-408e-88eb-73ae89c12596","Sunshine","Dumberell"
"724","9be9c315-5e6c-4fbd-8a09-91bffc1c7f34","Paule","Laborde"
"725","b8eed40e-4704-429c-9914-d955407ff6c0","Maris","Simkiss"
"726","227cc465-a118-4bdb-82ea-3883f8546fa8","Lebbie","Cottrill"
"727","937aa036-6b13-462b-a40a-d07c407f669f","Zacharias","Blomefield"
"728","c3886560-8159-484d-87c8-e7a411ee7cf2","Asa","Galego"
"729","175614a3-7f3e-4d6a-b4ec-95a6daa28554","Maribel","Rubinlicht"
"730","a66e4704-411b-4533-9b7c-bb8a06815389","Damiano","Pastor"
"731","888b0be5-472d-4bb4-97f3-31841eccf3e2","Fanchette","Stilliard"
"732","55118ed3-6bd1-473d-b2f3-ec35d200f448","Gerhardine","Christofol"
"733","7f43a694-8c29-4195-9b58-b83e0b2f2076","Ericka","Losseljong"
"734","e53e7ec6-a93a-4e1a-97a6-6b8dc80c5aad","Iosep","Fear"
"735","770702f0-b7d8-4398-b8ff-08043588b421","Farrand","McCard"
"736","5d51338a-a79b-4bed-95df-7810d578f503","Rina","Coules"
"737","887ce4bb-e137-4025-b746-7429df875228","Eugine","Pyson"
"738","6b3d9123-1aa6-4779-a274-c87460466ce8","Aubrey","Tucsell"
"739","5ae5a360-fcfb-4acc-8f1b-5ee1802280af","Even","Vinecombe"
"740","425355d5-37f3-4a12-b4e0-1f2fabd78982","Conrad","Pocknoll"
"741","ef53e544-a34e-47e5-badd-799cc2be01db","Alphonse","Wyburn"
"742","81c4419a-73e6-4662-8c68-5c8c47123da3","Caresa","Snipe"
"743","950f18fe-5b14-427b-99b5-eaacfca919fc","Levin","Balcers"
"744","655e9406-55f0-43ed-8e91-1c7c43340271","Ky","Strickler"
"745","dcf412ad-f2ce-432d-8528-0dfdab2adf31","Sheelagh","Alelsandrowicz"
"746","446a274c-80a3-4713-af91-81c791471a98","Zacharias","Gass"
"747","63c802a1-d6bc-4293-a135-ca01fb3b998a","Fae","Sawood"
"748","66f73be6-dc35-48d5-8035-1c05b9072b47","Britt","Filippone"
"749","c558bee0-f3da-426a-8928-0a78511e4c88","Korry","Gilbart"
"750","6702702a-6ed8-4427-b0be-d2666bc49c50","Hanson","Kennagh"
"751","cddf0b02-496c-4e7f-9274-63f8c2ff416d","Leroi","Goatman"
"752","88eb6ecb-83e2-4372-acd0-59d70463f3d3","Leela","Ditts"
"753","10274e4f-a276-41f8-b7e0-e4eec6145bc5","Misty","Kingzeth"
"754","2848ed42-868a-4d33-9f63-a753839aa584","Marve","Domenget"
"755","e5373bf2-6442-4c76-92ec-11df3d4b8f64","Palmer","Priden"
"756","84a00038-d0f7-4754-a2ea-908a8d36f2db","Arlinda","Caskie"
"757","33ebbb7f-e243-4ff7-8799-aac57af80c7e","Stephen","Sawkin"
"758","8edda8ef-39ba-4f82-a52c-acd4b5cca22f","Tedman","Stellino"
"759","1a90ea5c-2bbd-4867-9cc9-79d8b42df3ac","Rowe","Conisbee"
"760","7105be83-a2a8-4359-a581-7deb421ae39d","Walliw","Blewitt"
"761","d267255c-3472-4e2f-92dd-713acd11aad7","Elwood","Mettricke"
"762","7aee18db-73f3-48bb-88a0-0e2fbce16707","Kin","Cadge"
"763","195b2fbe-01bc-473c-b933-fba70098d045","Storm","Ackery"
"764","18df9e72-aef1-43f2-a7f9-30b286cbb83f","Hendrik","Hamlett"
"765","437e9d74-fa3c-440f-8b35-13b1f6601d91","Bennie","Killwick"
"766","8d76e1b0-e272-4fde-a7ad-cf0cbb398728","Noam","Helleckas"
"767","d1e0c860-fa42-4d1e-a8b6-a6d5cddca406","Judd","Bladen"
"768","9c991dc3-faba-4f6c-a545-6f5dc3191956","Ximenez","Mirrlees"
"769","558dea0e-810b-4c3d-8e86-d67022336f85","Phillipe","Dahlborg"
"770","078827b8-91b4-481a-b7f2-90b016a05e8e","Marijo","Whitemarsh"
"771","64cf08d7-baad-4e27-886b-dc9d7ba5e72a","Cyndie","Callendar"
"772","c71f3c86-de3d-47a8-989e-cb6ca1614530","Matthieu","Birrell"
"773","2c2b361e-d1fe-4bf5-9460-c55dfc8b3b69","Huberto","cornhill"
"774","43eb6eb2-d99c-4543-9d4c-07415c9e69b1","Andrea","Larkings"
"775","024d58a9-f1c1-46f4-9920-a858d24ba11a","Theo","Crisall"
"776","297eae48-8bae-4372-b192-71e677431185","Abbot","Skakunas"
"777","de984ec0-4a9a-4526-8606-225dd5202162","Brenna","Fromont"
"778","bdd04487-fc61-4191-afac-c30e58e5478c","Susy","Pottage"
"779","3aba9f3f-fb89-49ce-8cb4-bbd9d13903ce","Marcello","Barrie"
"780","9014e465-44d9-49b6-aaf0-d0f54d4078ba","Poul","Banstead"
"781","316652ea-be8a-4347-9a95-7c337fa4b71b","Wren","Proffitt"
"782","785da0d8-6e7e-40d8-aa20-f3d94a9a0b49","Jessie","Tohill"
"783","98a94bd7-f24f-494e-8f2a-ad8410faf9e7","Gwenora","Macer"
"784","896f5f74-db3c-41db-912a-13f84e6f2830","Kean","Canto"
"785","f926d59c-68bd-494b-9487-50a418001226","Clyve","Romeuf"
"786","dd9ac793-d0fc-4a13-bbfa-071498bc885d","Barrie","Huckell"
"787","fb50b47f-1494-4257-805d-95b832005b0d","Lianna","Dufer"
"788","a7b796b0-059c-48dc-b7df-6bf686e80688","Carlynn","Tunuy"
"789","5011b857-a5e2-4daf-9c80-fe84d77ba219","Walker","Bisson"
"790","f9e83b69-9134-4887-acdd-b69da6f8e481","Appolonia","Shawcroft"
"791","aa9ac776-f640-43eb-b04e-dea4faf03927","Westbrook","Jiroutka"
"792","4209bd92-8d95-430b-9e4f-8eb876f85a53","Claus","Speerman"
"793","9ac0dc71-4294-43a7-ad98-a64897bcfc7b","Leonerd","Pretorius"
"794","565d48aa-0648-4910-af6a-a0d842a2cda4","Leah","Dorkin"
"795","cf133b52-175b-4fde-8715-0682b525c671","Caresse","Pickerin"
"796","b24de372-42d2-42b9-83e4-a4b5cfea5606","Terri","Hardesty"
"797","4139b54f-b05e-41d0-9683-5bbd5aa25476","Della","Hooks"
"798","7405db9d-fe48-4522-8be1-97fab9b9e8e8","Clarita","Oakwell"
"799","d0b759ae-284a-434b-9c51-36796e427a05","Clerissa","Driffe"
"800","e69c6e39-adde-47ee-a066-c09c6b79b832","Natasha","Tosspell"
"801","9c88cd20-fe51-45bb-82a1-639b7304d497","Karoly","Danforth"
"802","5aa5dc85-56ca-4ecc-b0cb-cd83443175c7","Pia","Philbin"
"803","e8b223df-f798-4945-95e2-2bd443d15c55","Constantina","Tweddle"
"804","cf06e3fe-4f7e-4472-aff1-f22a2490b42c","Ari","Ellerington"
"805","0326178c-7e65-44e4-9210-a9bc51b9d5e2","Nolana","Haslock"
"806","14dc113c-31ba-49dd-a889-f91fcb24879b","Perkin","Bensley"
"807","5ad98fa2-280c-433b-95a8-35cc1c54ccc9","Devy","Lahy"
"808","ba8fa319-3536-4d03-af70-b6858424defc","Heinrick","Blakeman"
"809","abf15fe0-c0e5-48e1-aabc-fc0485d6d03d","Sigfrid","Meehan"
"810","f98c446c-dbec-49bb-8c55-4658fc10157b","Allister","Knappitt"
"811","b1ec3b63-9dbd-4ee7-8f38-36ed832676c5","Tiffie","Gurko"
"812","3b531fb1-3ebf-4f06-aac0-8d6ff99ec92d","Bobby","Barrowcliffe"
"813","4f081f57-f008-4da9-9226-a9814f30238f","Noelyn","Mival"
"814","4176db1a-d08c-44c9-bf3f-857e71609618","Francklyn","Coytes"
"815","4d948f79-8fc5-4601-a3d3-de9dfc764a02","Ruby","Measham"
"816","76456999-59cd-42f5-9f56-400f5cd33c40","Sabrina","Tessyman"
"817","b5da2c85-07db-4d4d-af29-d6db65e15242","Luce","Leyburn"
"818","2d4d5487-7f55-495f-8f72-0e2658b3236c","Martita","Keller"
"819","7252ece4-b51c-4fa7-ac53-8a2351a43a18","Alyce","Burkett"
"820","f9b1556f-3a92-425e-9bd5-1aa0dd4342c0","Vonnie","Knolles-Green"
"821","3fa0a4b5-e1b0-4b17-bc60-ade2c50fb3e7","Alfy","De Vaar"
"822","49ba18ed-7fd9-40ce-8ee6-d07268b67788","Amata","Baudain"
"823","f2363933-94a9-462a-af4c-2af3dcca76b6","Cirillo","Benzie"
"824","f649b20f-5735-4972-bc00-53e73b20ccf1","Shayne","O'Caine"
"825","e617d7b3-1960-4f23-b3f1-21bf69f3b2cb","Jacob","Boatwright"
"826","11608b53-1a32-419d-93e1-f0ca5ba13074","Chaddie","Pieche"
"827","d5cd05db-78e1-411b-a1fe-85631769076b","Terza","Wolsey"
"828","ff405085-671e-4d26-bd63-35e17a522ab8","Willa","Livesey"
"829","313c6963-7b6f-42e3-a36f-32fa369eb830","Tomasina","Filippucci"
"830","87009198-989f-47e2-8074-af86dba685b0","La verne","Menier"
"831","d9d20597-1a9c-4097-ad2f-68c9f173231a","Urbano","Naulty"
"832","ccfa7038-9212-4638-93d9-76a773bf0390","Gnni","McIntee"
"833","295c26ef-de6e-412f-b7ef-f7c6e2f06f82","Paige","Walder"
"834","82bdf555-cf18-40b2-9776-81166e8835ab","Peta","Cominello"
"835","3d6031d1-f7e4-4cf8-8d68-9840f5731ebc","Mair","Cumbers"
"836","83544e61-8d83-4815-803d-c8982dc3e1dd","Mable","Beynkn"
"837","c39c23d1-f7d6-48db-9a22-f83a74710a3b","Kari","Pauling"
"838","543c9dab-5ce4-4f5c-886f-c78068af1575","Willdon","Daelman"
"839","f225a0f8-cf36-488f-a3af-76dd486e062f","Alysa","Gowing"
"840","cc99a3fe-b4a8-4718-9942-584f92dd9391","Melicent","Wagnerin"
"841","958450f3-7509-4362-b4e9-e60911f8b33c","Kylie","Barnsley"
"842","9423bd61-6ac3-4d26-b618-04e85aa7536f","Danit","Vink"
"843","843ca41f-54a5-4ead-8815-33326dd016e5","Rosa","Benardeau"
"844","1099b7ca-b877-4b91-b4fa-ca6a1394c790","Floyd","Gulliver"
"845","e9d099a3-04fb-4d1e-a2d2-afa03810b4de","Creighton","Falloon"
"846","8fcc76b6-5e7e-4dc4-8fc8-97fa6ea31bcb","Carlie","Veld"
"847","0ceb63d5-480f-4ac2-af61-a11b0cac5ebf","Tess","Forestall"
"848","dc9f2261-b26b-4c09-9314-a6f9d8d92ef0","Christabella","Romei"
"849","66db486f-df8f-4dbc-8a50-fd9cdc551e2d","Annissa","Bruton"
"850","20152a67-f3d0-447d-89f4-ed022966049e","Dick","Tumasian"
"851","f3d1a82a-aa5b-40af-ae47-133b766b8e14","Mattias","Castano"
"852","b4645516-74ef-4ac1-b30a-a3d583b03da2","Kathi","Beckley"
"853","0af455d4-80c2-4543-bf0d-f44ae23a4cfd","Tove","Eberle"
"854","765ac5c2-603e-4785-a927-cac86b6a7d6b","Matthiew","Kynd"
"855","ad1f7d4b-d383-451e-8133-282280ae3f57","Christi","Bolderstone"
"856","3df67644-3793-4e68-bb03-8618689129bd","Fernando","BoHlingolsen"
"857","7cf4069f-5ba1-4923-b2e2-c59cbc5b6152","Agustin","Heggs"
"858","7bdfd828-976c-4e8b-84cb-b0c2adb7bf56","Gannon","Fernan"
"859","6ce097f1-9f43-4d68-8941-d2ae201b061a","Ermanno","Beebe"
"860","66da3310-9cad-43ab-a9c0-378321a8a526","Farrel","Popescu"
"861","a9498de8-201e-4daf-991b-7599b4257d8e","Skelly","Crinage"
"862","8ad3df40-38b9-4094-b176-7c43f9a2cae4","Tiler","Grimsdell"
"863","f7c8b084-7724-4401-bbc8-7a38c97a3379","Zeke","Tilzey"
"864","38aa7ce5-4058-4649-8489-d11ccf112f68","Maynard","Wurst"
"865","0a959791-37a2-4514-91ab-b9a88cf6612a","Erick","Worrell"
"866","0f2ed4f7-c5f0-4887-98c6-46972ed66850","Myranda","Beazer"
"867","b6ae60ed-cc4d-47a1-9dc5-cafd29ffec05","Teodor","Cotherill"
"868","0ae01d6d-d904-4020-baf5-48cdfd986a51","Della","McKyrrelly"
"869","2786fd05-002a-48a7-a622-66e8bc7f9bc0","Raimondo","Tearny"
"870","2cf2ae45-d5de-4199-9f39-bf4073aa49e2","Emmalyn","Beardmore"
"871","d248a4b9-2288-4179-a0bc-1524c70db4de","Robin","Sharram"
"872","43ed63d9-1174-4aab-a532-f0d46fed7700","Tobin","Aloshkin"
"873","5858e091-2c0f-419e-9f5c-7f280c5e2f89","Pippo","Amber"
"874","7ffd31dd-2803-4859-95c0-f4f07e639ad7","Opal","Dumini"
"875","e9d7e1c7-4082-4586-b55b-6c220f300f46","Alessandro","Mayell"
"876","62cb076f-0b2e-4a67-a388-97cc6d8b8dc0","Monroe","Werrilow"
"877","13d30c86-497a-4919-8073-5c21ed340baf","Lennard","Cooney"
"878","6bc055a0-56de-4063-bcad-3d74d18c7ba2","Cathee","Tupman"
"879","5bcbdea5-93ca-4d92-ad67-9b10b47c2d80","Netta","Overnell"
"880","d6407907-0ac3-47ef-b004-b1b4b5b63200","Alix","Filchagin"
"881","c4b30883-0f94-439f-b2d3-d525b4d8285f","Jakie","Kinglake"
"882","9b887c8c-82bf-4eab-b5a7-84cf8f249b9d","Hattie","Soff"
"883","fad10b97-91d9-4d59-b1fc-5ce14ec574f4","Goddard","Czyz"
"884","db29af3c-a2d9-4be0-9bb4-ad258f059cbe","Isabeau","Gehricke"
"885","77f37217-39e7-4422-9805-17836284312a","Teresina","Knightly"
"886","021cdf8b-705a-45d9-a29e-b24b9633e37d","Beniamino","Letteresse"
"887","77ecde15-4e12-4a1e-a87b-94f60e8e0fc2","Jeanie","Duddan"
"888","ffe84d79-2916-49cf-8272-99d37ffee8b2","Linea","MacDearmid"
"889","cca79e40-3d65-434d-9002-caa491ebf531","Norry","Braikenridge"
"890","0207da60-ba83-4261-adcb-c3657ea12f62","Vlad","Coltart"
"891","f021fa08-84b7-486c-95c6-191eefc0b8ae","Codee","Leary"
"892","73d12ec7-c6d8-43d1-811b-3654dc6a4ede","Stace","Czajka"
"893","1d95caee-bdda-4598-8d6f-c2c69991da07","Sydel","Dummett"
"894","0ef582f1-6aba-44ea-b2c0-cf5602cf44e5","Dannye","Swinbourne"
"895","e48c71bb-a13a-4574-ae23-ca730ee64e37","Bunny","Seckington"
"896","6cb4aee0-f083-466c-a6ae-09ea87969abc","Zak","Colville"
"897","bba0fa8a-1d7b-4b7b-ba8a-8ab3e89ba0c7","Justin","Doudny"
"898","f3d6de7d-a296-4c87-8518-3042f9cf8dbc","Maryanna","MacNeilley"
"899","018b696b-d870-422a-8b77-c9309ed1e675","Arluene","Murrell"
"900","35e32a38-8b93-4b14-9750-976ac5f5ad23","Gran","Banger"
"901","0f4497b3-ecf5-4735-b59e-f70b29fa90c1","Gabriele","Rheaume"
"902","f8fee2d5-0c37-4b68-a897-126000cd114a","Mab","Giblin"
"903","82593a48-1d44-458f-a03e-0d69966d6d73","Carmella","Gecke"
"904","65d93e76-1671-462b-aa74-78044fdc2c2d","Cletis","Southon"
"905","2acfe958-e6f0-4252-80ce-2bd5c77f8e00","Kassandra","Malyan"
"906","baf72ca7-15ad-4b8f-81b1-aefa6f6fea8d","Fidel","Zuenelli"
"907","d0e62aad-7529-40ac-8014-028473d4ad76","Anatola","Kelloch"
"908","3f7e1558-1f39-4159-83c5-c626b3a48a92","Jarred","Ludwikiewicz"
"909","abdc9cfc-1318-41fe-ad72-73c8b648a533","Mirilla","Rassmann"
"910","44829115-3c0a-4b01-93ab-d20635bfe793","Gonzalo","Dilke"
"911","ceed4194-a0cf-40ff-a579-7a675b9d6b44","Ardelis","Galle"
"912","de903b6a-77b1-497c-9c9d-aaefaca0bb2b","Saloma","Feitosa"
"913","2cd6f8ac-6048-4e91-8d27-205580ad627c","Danica","Bemand"
"914","c7813a27-0844-4885-994e-e82438ded690","Tiphanie","Hapke"
"915","c84ccb33-6b10-4598-a326-0d2d76771440","Aleen","Mawman"
"916","7b493505-c4c2-4818-b0c5-20f255ffd7ea","Joceline","Baine"
"917","91ab198d-2235-4de5-993f-14bd7d3e0c90","Carl","Sibery"
"918","8f96a6f4-ba72-4955-9368-4fe67e3709b8","Odie","Saladin"
"919","8766254a-613f-481a-8577-3319dc8a0095","Sioux","Bunce"
"920","a18a9b74-b4bd-4b37-8611-f76b82842291","Maxim","McCorry"
"921","3a5673eb-5894-4309-b3ac-f659ae62410f","Phylys","Dutnall"
"922","c750f499-ac75-4d88-be6d-6f2c97d2ea03","Jayme","Fruchon"
"923","70efae76-4ceb-419b-a21d-8649e6b8008c","Tomas","Pendered"
"924","8bca4616-9ab8-4d12-9d6f-5ff9c66c5fa9","Christophe","Ivison"
"925","84b35562-4681-46c1-8d45-b43cec57dad1","Afton","Strettle"
"926","15b2f76d-b0ea-4b9b-a35b-105b2053e817","Ricky","Pfaffe"
"927","148b6a86-7e3d-4250-b373-bf01f66efd0d","Dani","Drayton"
"928","08420c9e-d712-482c-8001-028a8a2c501f","Bord","Mathonnet"
"929","7b6c4f61-059d-4a2a-9a71-75ea45b96ffc","Barbra","Hazelton"
"930","1c022353-ec26-4568-82d0-61e4e8047a3c","Jarad","Espinet"
"931","b2fc4c63-1bce-45b8-811e-bbdf34cc98f1","Stillman","Scatchard"
"932","072c10f0-51f2-4dd2-8d1e-bfa1da5aa857","Clemente","Hocking"
"933","187808f2-c296-40a8-8180-dfb449b5b7af","Starla","Chant"
"934","4f70e0d9-f671-4cb2-88fd-9abfa91477cf","Jenica","Tomczykowski"
"935","4496b996-2aa1-4cc5-848a-babde1940c96","Dirk","Klus"
"936","956db728-1773-4e64-9688-734a2af8149c","Lin","Kineton"
"937","e01c3dfc-6884-4aa4-b881-dd91282e2986","Alana","Degli Abbati"
"938","e23c5c9b-134d-4eec-836a-92ef9445ab05","Bonita","Joannidi"
"939","958213f7-978b-4205-9542-3cbcfcd98a20","Letti","Sedgmond"
"940","cdb919a2-5dbe-4f61-b6d4-9d9e330c4e27","Ody","Halcro"
"941","4b00d0e0-c6fb-4f44-b487-81635c27ca3d","Cordelie","Colegrove"
"942","dbafac82-836d-4d55-9010-7275f6c8d18d","Victoir","Bagot"
"943","5accb505-4907-42dc-ac46-6df149baff55","Tedman","Quan"
"944","c7d3295a-6989-4044-9544-decdf1b39d83","Eleen","Hammerman"
"945","23ac3018-7e6f-401a-b237-a4d2b81a78a2","Earle","Brussels"
"946","95f29a69-a3e4-4370-b206-0a3eb0b44ab4","Kati","Swyne"
"947","f2dd8a29-607f-4ef4-8251-9ccb24fff14c","Lynnelle","Huyge"
"948","c8a135e8-a182-4e73-bc62-16d86a47ba9c","Robyn","Covey"
"949","9ead7660-8395-41c7-afec-d88b3e8b6ba8","Gennie","Charker"
"950","4914077e-3344-4f40-b8b0-2ae92db301f4","Jillane","Kiddell"
"951","17386d0e-8165-4bdb-abd3-46e21dc08ef4","Ingelbert","Pennicott"
"952","b3916a7c-b0fa-4fd5-8e90-875810835610","Kandy","Valadez"
"953","6e27a1e5-cece-4028-8167-373e92ec0405","Sally","Fortune"
"954","61534e7c-5dd7-4cff-9333-961312d99c21","Guss","Doble"
"955","ba28e81a-1882-46f8-8698-e5c911abe517","Willis","Samsonsen"
"956","0d350425-ba0b-477a-932d-2b16d49cd811","Taber","Spurgeon"
"957","6003be8c-f053-40b3-a138-f433841a8537","Tiphani","Yitzhakov"
"958","de63ec47-471b-4737-8c5d-e629bd35e374","Mickie","Giacoppoli"
"959","7f3a04ec-b93d-4ee3-a303-eeda5513f9c0","Wandis","Starkings"
"960","a78a877f-021c-4fe5-9f3d-32142332c9a4","Had","Kinner"
"961","342ea46c-cce0-4c6e-bd11-7f06ad91b9a0","Maximo","Chifney"
"962","75f28537-8b73-4913-a9df-6ab9b6b8490f","Rutter","Tarquini"
"963","8d00d71c-365b-4bf3-9808-7d5d6b4d9ec8","Diana","Tingcomb"
"964","c8696540-8880-4b52-b3c8-79de74385605","Adel","Codman"
"965","adba720a-3504-47f7-93cb-1e89b3ae258d","Maiga","Grigolashvill"
"966","49038abe-eaaa-4fb5-8606-a536400856b6","Jodie","Arthey"
"967","de2d2b69-1c62-412c-80f4-e9258d60be99","Ricardo","Cornell"
"968","8be1395e-8ecc-49c4-8365-a104eb379e2c","Elisabeth","Rosbottom"
"969","76567b1f-a02e-470b-9a0c-512997235e79","Lynn","Maddra"
"970","421295e9-724d-4bfb-bc7b-3204d551b498","Merill","Agget"
"971","0695e3dc-3ca6-4ded-b757-f7e688972d5d","Hyatt","Fetherstan"
"972","80f58ea7-fd79-497e-935b-6bbf8b13b1b5","Rock","McGowing"
"973","dfa26875-6ca9-44f8-8ec0-3d86c246faf0","Myrtia","MacCartair"
"974","95106c07-2ae4-4978-a7af-25882bba1f59","Liza","Malsher"
"975","0dae070e-fd7e-435a-bdb5-069b41a93ca7","Wade","Guest"
"976","5ffe1841-5a24-4da0-b7a8-5746142d7fff","Carma","Nigh"
"977","3eabfc43-a23d-41f9-8f04-54e5574163c1","Barny","Airs"
"978","9fdf81b1-9b39-43e5-b399-db2753526d18","Corly","Willshire"
"979","d687d439-89b8-4943-bf7f-556f0eec4796","Obediah","Bergstram"
"980","fddac3eb-34ee-4531-a868-fb9f4a755c1f","Rasia","Willshere"
"981","f1ef7bde-8781-41fe-985e-4f5276714707","Yasmin","Chinge de Hals"
"982","667b4a07-2f97-4e6d-ae8d-e4034911b87d","Cristina","Wellman"
"983","b9b9619d-936f-4be3-b977-e96ecf96bcfb","Virginie","Eastmond"
"984","688bb2e1-2e7e-45e0-baac-a11378385ac1","Hope","Jeckells"
"985","76afd876-f0fa-4682-8670-4aa2d1f55567","Orran","Eves"
"986","0bdf047d-66d4-4deb-b202-6a1be9d1c1e6","Anabel","Donnachie"
"987","d1ff6ee5-b694-4a26-9307-07461f3d5b60","Wilt","Hollington"
"988","56cad8bd-5a83-4c1c-9aa6-c218abc9dd91","Frannie","Wagenen"
"989","bfe77c53-9053-4bca-aeb6-d5f755d42502","Karyn","Peeters"
"990","aa54130b-984d-445c-9b9f-cc3c76b44aa1","Domenico","Crew"
"991","0ffad854-9650-4fc5-bc86-9564de805233","Mareah","Silversmid"
"992","93d15514-97f4-45aa-9bb8-f8f54ef40061","Hesther","Outibridge"
"993","55b4dcb7-ca1e-4292-a611-d100a1bed55b","Britte","Robert"
"994","f39d6627-f503-4aeb-b509-86eea329f576","Rachele","Barbier"
"995","68bb28ca-db7c-4625-978b-218d4cf4f9fa","Keene","Ginglell"
"996","5bbb1f29-c607-4c1f-977e-c0abe705a976","Michele","Moles"
"997","0a7b377c-b663-4838-8b67-246676951d1e","Krystyna","Plover"
"998","7550d2b7-ff21-49c7-a394-3788b817c196","Doralynne","Gracey"
"999","45110133-e7cf-4e0e-bd9f-732f40633c2e","Kassey","Marskell"
"1000","b0d738fe-0ce3-40c1-b3e5-85df76151dc9","Riva","Beaufoy"
